title,artist,genre,favorite
10月無口な君を忘れる,あたらよ,J-POP,False
CAN YOU CELEBRATE?,安室奈美恵,J-POP,False
みんな空の下,絢香,J-POP,False
heavenly days,新垣結衣,J-POP,False
ハナミズキ,新垣結衣,J-POP,False
君がくれた夏,家入レオ,J-POP,False
Silly,家入レオ,J-POP,False
僕たちの未来,家入レオ,J-POP,False
ずっと、ふたりで,家入レオ,J-POP,False
太陽の女神,家入レオ,J-POP,False
恋のはじまり,家入レオ×大原櫻子×藤原さくら,J-POP,False
コイスルオトメ,いきものがかり,J-POP,False
ブルーバード,いきものがかり,J-POP,False
Precious,伊藤由奈,J-POP,False
センチメンタル・キス,汐れいら,J-POP,False
First Love,宇多田ヒカル,J-POP,False
プロローグ,Uru,J-POP,False
remember,Uru,J-POP,False
フリージア,Uru,アニメ,False
心得,Uru,J-POP,False
それを愛と呼ぶなら,Uru,J-POP,False
あなたがいることで,Uru,J-POP,False
Love Song,Uru,J-POP,False
奇蹟,Uru,J-POP,False
Song for…,HY,J-POP,False
星屑ビーナス,Aimer,J-POP,False
プラネタリウム,大塚愛,J-POP,False
キミを忘れないよ,大原櫻子,J-POP,False
ひらり,大原櫻子,J-POP,False
瞳,大原櫻子,J-POP,False
変わらないもの,奥華子,アニメ,False
かわいいだけじゃだめですか？,CUTIE STREET,アイドル,False
渡月橋 ～君 想ふ～,倉木麻衣,アニメ,False
かたちあるもの,柴咲コウ,J-POP,False
うれし涙 feat. シェネル & MACO,SPICY CHOCOLATE,J-POP,False
君の知らない物語,supercell,アニメ,False
secret base ～君がくれたもの～,ZONE,J-POP,False
テルーの唄,手嶌葵,アニメ,False
さよならの夏 ～コクリコ坂から～,手嶌葵,アニメ,False
明日への手紙,手嶌葵,J-POP,False
紡ぐ,とた,J-POP,False
未来予想図II,DREAMS COME TRUE,J-POP,False
雪の華,中島美嘉,J-POP,False
最後の雨,中西保志,J-POP,False
涙そうそう,夏川りみ,J-POP,False
夜明けと蛍,n-buna feat. 初音ミク,ボカロ,False
恋する気持ち,西野カナ,J-POP,False
君って,西野カナ,J-POP,False
Have a nice day,西野カナ,J-POP,False
if,西野カナ,アニメ,False
好き,西野カナ,J-POP,False
たとえ どんなに…,西野カナ,J-POP,False
涙色,西野カナ,J-POP,False
このままで,西野カナ,J-POP,False
Dear Bride,西野カナ,J-POP,False
ツキミソウ,Novelbright,J-POP,False
記念日。 feat. miwa,ハジ→,J-POP,False
鱗（うろこ）,秦 基博,J-POP,False
瞳をとじて,平井堅,J-POP,False
Soup,藤原さくら,J-POP,False
メリクリ,BoA,J-POP,False
幸せ,MACO,J-POP,False
ふたりずっと,MACO,J-POP,False
LOVE,MACO,J-POP,False
Kiss,MACO,J-POP,False
Be...,Ms.OOJA,J-POP,False
Cry day...,Ms.OOJA,J-POP,False
30,Ms.OOJA,J-POP,False
しるし,Mr.Children,J-POP,False
今はいいんだよ。,MIMI,ボカロ,False
月食 ～winter moon～,miwa,J-POP,False
アイオクリ,miwa,J-POP,False
オトシモノ,miwa,J-POP,False
ホイッスル ～君と過ごした日々～,miwa,J-POP,False
結 -ゆい-,miwa,J-POP,False
片想い,miwa,J-POP,False
夜空。 feat. ハジ→,miwa,J-POP,False
リブート,miwa,J-POP,False
それでもただ,miwa,J-POP,False
ミラクル,miwa,J-POP,False
あなたがここにいて抱きしめることができるなら,miwa,J-POP,False
Everything,MISIA,J-POP,False
果てなく続くストーリー,MISIA,J-POP,False
飛び方を忘れた小さな鳥,MISIA,J-POP,False
アイノカタチ,MISIA,J-POP,False
逢いたくていま,MISIA,J-POP,False
さくら〈独唱〉,森山直太朗,J-POP,False
CHE.R.RY,YUI,J-POP,False
HELLO ～Paradise Kiss～,YUI,J-POP,False
Good-bye days,YUI for 雨音薫,J-POP,False
言って。,ヨルシカ,J-POP,False
斜陽,ヨルシカ,J-POP,False
雨とカプチーノ,ヨルシカ,J-POP,False
アルジャーノン,ヨルシカ,J-POP,False
ただ君に晴れ,ヨルシカ,J-POP,False
だから僕は音楽を辞めた,ヨルシカ,J-POP,False
花に亡霊,ヨルシカ,アニメ,False
春泥棒,ヨルシカ,J-POP,False
晴る,ヨルシカ,アニメ,False
そっけない,RADWIMPS,J-POP,False
